title,writers
골방환상곡,"
워니 / 심윤수
"
사랑in,"
전세훈
"
마음의소리,"
조석
"
수사9단,"
김선권
"
와탕카,"
우주인
"
입시명문사립 정글고등학교,"
김규삼
"
타투,"
노지현
"
히어로메이커,"
빤쓰
"
AA,"
선정, 지숙
"
구석구석캠페인,"
네이버 웹툰 작가
"
까뱅,"
X-TEAM
"
노블레스,"
손제호 / 이광수
"
도자기,"
호연
"
마술사,"
김세래
"
삼국전투기,"
최훈
"
세개의시간,"
노란구미
"
싸우자귀신아,"
임인스
"
에피소드메이비,"
정마루
"
체스아일,"
cid 혁군
"
탐구생활2,"
메가쑈킹
"
태왕광개토,"
청안랑 / 김인호
"
트라우마,"
곽백수
"
펫다이어리,"
요한 / 김혜진
"
핑크레이디,"
연우,서나
"
호랭총각,"
강호진
"
MLB카툰,"
최훈
"
개편 축하 릴레이 카툰,"
네이버웹툰작가
"
고향의꽃,"
한(恨)
"
남기한엘리트만들기,"
미티
"
내일은 럭키곰스타,"
김풍
"
러브판타지페이퍼,"
단우
"
레드초콜릿,"
정기림 / 편현아
"
리얼주주,"
손태규
"
반지의제왕,"
이문희
"
새끼손가락,"
이익수
"
생활의참견,"
김양수
"
스쿨홀릭,"
신의철
"
식스센스,"
릴레이연재
"
심장이뛰다,"
백희정
"
어서오세요.305호에,"
와난
"
언더프린,"
브림스
"
열쇠줍는아이,"
최윤진
"
와라! 편의점,"
지강민
"
와탕카2,"
우주인
"
우월한 하루,"
팀 겟네임
"
은하연인전,"
전광철
"
일상날개짓,"
나유진
"
일편단심화,"
심윤수
"
제로,"
정재한 / 이나루
"
창위의일루젼,"
시우
"
취업의소리,"
조석,워니
"
카라멜마끼아또,"
김명현
"
크레이지 커피 캣,"
엄재경 / 최경아
"
탐구생활3,"
메가쇼킹
"
펫다이어리2.런,"
요한 / 김혜진
"
향수,"
석우
"
N의등대-busted,"
조석
"
N의등대-thecalling,"
강호진
"
N의등대-눈의등대,"
김규삼
"
N의등대-도망자,"
김선권
"
3단합체김창남,"
하일권
"
개판,"
현욱
"
겨울동화,"
심윤수
"
고(故)노무현 前대통령 추모웹툰,"
웹툰작가
"
고고루키루,"
한경찰
"
구름의 노래,"
호랑
"
그린스마일,"
권혁주
"
나는 어디에 있는 거니,"
서나래
"
나이트런,"
김성민
"
놓지마 정신줄,"
신태훈 / 나승훈
"
두근두근두근거려,"
하일권
"
로봇빠찌,"
김상욱
"
몽타주,"
단우
"
묵회,"
한나
"
번개기동대 2009,"
박성진 / 임성훈
"
번데기스,"
김경호
"
보톡스,"
황미나
"
불량 뱀파이어,"
이유정
"
비흔,"
정재한 / 황영찬
"
사노라면,"
네이버 웹툰 작가
"
삵의 발톱,"
손영완
"
소설가J,"
오성대
"
슈퍼트리오,"
황미나
"
실질객관동화,"
무적핑크
"
아부쟁이,"
이익수
"
아스란영웅전,"
박성용
"
악연,"
황준호
"
어른스러운 철구,"
해다란
"
연,"
구아진
"
연옥님이 보고계셔,"
억수씨
"
이말년씨리즈,"
이말년
"
진진돌이 에볼루션,"
김기정 / 윤종문
"
징글정글,"
김용진
"
판다독,"
판다독
"
판타스틱 어른백서,"
이동욱
"
패밀리맨,"
정필원
"
플루타크 영웅전,"
양영순
"
핑크레이디 클래식,"
연우, 서나
"
흐드러지다,"
연제원
"
"17살, 그 여름날의 기적","
석우
"
[드라마원작] 지금 우리 학교는,"
주동근
"
거상 김만덕,"
신지상 / 오은지
"
견우와 직녀,"
유리아
"
고(故)길창덕화백 추모웹툰,"
웹툰작가
"
공부하기 좋은 날,"
황준호
"
국가의 탄생,"
고리타
"
굿모닝 스페이스,"
이수정
"
그런지,"
김이랑
"
그린보이,"
정재한 / 임진국
"
낢에게와요,"
서나래
"
단군할배요,"
호연
"
덴마,"
양영순
"
동경소녀,"
로보타 / 김가륜
"
뜨거운 것이 좋아.,"
고민정
"
리턴,"
송래현
"
멜로홀릭,"
팀겟네임
"
미호이야기,"
혜진양
"
바이올린처럼.,"
김윤주
"
방울토마토,"
조양
"
별의 유언,"
후은
"
색으로 말하다,"
요한 / 김혜진
"
소년전[Limit],"
라디야
"
"스마일 브러시, 오래된 사진.","
와루
"
스마일브러시,"
와루
"
스토커,"
단우
"
신의 탑,"
SIU
"
심부름센터 K,"
김선권
"
안나라수마나라,"
하일권
"
야! 오이,"
랑또
"
연애세포,"
김명현
"
열아홉스물하나,"
요한 / 김혜진
"
옆집화랑,"
최남새
"
우리들은 푸르다,"
문택수
"
유토피아,"
늑대삼
"
의령수,"
김우준
"
자율공상축구탐구만화,"
조석
"
증거,"
이승찬
"
지원,"
한(恨)
"
질풍기획 시즌1,"
이현민
"
커피우유신화,"
마사토끼 / jo...
"
콘스탄쯔 이야기,"
김민정
"
쿠베라,"
카레곰
"
키스우드,"
안성호
"
탐구생활4-그대와 함께 하이킹,"
메가쑈킹
"
테제,"
하람 / 지야
"
특수 영능력 수사반,"
사다함
"
폭풍의 전학생,"
강냉이
"
프로젝트 X,"
태발
"
피터팬날다,"
서랍천사
"
혜성같은 소년,"
한혜연
"
LOST,"
정민용
"
MODERN BOYS,"
기린
"
Penguin loves Mev,"
펭귄
"
가우스전자 시즌1~2,"
곽백수
"
갓 오브 하이스쿨,"
박용제
"
격투기특성화사립고교 극지고,"
허일
"
고삼이 집나갔다,"
미티
"
고시생툰,"
seri
"
그 판타지 세계에서 사는 법,"
촌장
"
기태류,"
배드이리
"
길에서 만나다,"
쥬드프라이데이
"
까치우는 날,"
누비
"
꽃밭에솔,"
209
"
나란의사 그런의사,"
유성연
"
다욤이의 다이어트 다이어리,"
아키, 심윤수 /...
"
닥터 프로스트 시즌 1~2,"
이종범
"
단편 할머니/나는내일죽는다,"
태발
"
달콤한 인생,"
이동건
"
라이징패스트볼,"
박현수
"
리버스,"
임달영 / 이수현
"
만화사랑 캠페인,"
웹툰작가
"
멍순이,"
김달님
"
문아,"
팬마
"
바람이 머무는 난,"
신월
"
봄이여 오라,"
샐비
"
봉봉오쇼콜라,"
오성대
"
부토,"
정현주
"
뷰티플 게임,"
박능출 / 박준규
"
블라인드 메르헨,"
윤현석 / 연우
"
사랑의 아쿠아리움,"
TGM / 린다
"
소녀더와일즈,"
HUN / 제나
"
슈퍼트리오 시즌2,"
황미나
"
스마트폰 게임 개발 이야기,"
유영욱
"
시간의 섬,"
이아
"
심심한 마왕,"
김상민
"
얼룩말,"
자유
"
에이머,"
구동인
"
역전! 야매요리,"
정다정
"
연 시즌2,"
구아진
"
오늘의 낭만부,"
억수씨
"
오란씨100,"
박민경
"
오렌지 마말레이드,"
석우
"
요리대마왕,"
랑또
"
우연일까?,"
남지은 / 김인호
"
움비처럼,"
권혁주
"
원티드,"
럭스
"
웨스트우드 비브라토,"
윤인완 / 김선희
"
이런 영웅은 싫어,"
삼촌
"
잉잉잉,"
황준호 / 수연
"
죽은 마법사의 도시,"
김칸비_팀 겟네임
"
지상 최악의 소년,"
정필원
"
천년구미호,"
기량
"
초록인간,"
태발
"
카오스어택,"
맛스타
"
크리퍼스큘,"
밀치 / 얌치
"
타임인조선,"
이윤창
"
탈(TAL),"
강임
"
패션왕,"
기안84
"
한섬세대,"
유승진
"
헬퍼,"
삭
"
혈액형에 관한 간단한 고찰,"
박동선
"
힘내요 일본!-[릴레이웹툰],"
웹툰작가
"
S라인,"
꼬마비,앙마비
"
2011 루키 단편선,"
웹툰작가
"
2011 미스테리 단편,"
웹툰작가
"
강시대소동,"
주동근
"
경운기를 탄 왕자님,"
무적핑크
"
그녀는 흡!혈귀,"
정성완
"
기사도,"
환쟁이
"
기타맨,"
손규호
"
꽃가족,"
이상신 / 국중록
"
나의 목소리를 들어라,"
이현민
"
네로의 실험실,"
외눈박이 / 시현
"
네이버 앱피소드,"
웹툰작가
"
노네임드(NoNameD),"
문지현
"
닭통령 계양반,"
미티
"
당신만 몰라!,"
유리아
"
돌아온 럭키짱,"
김성모
"
레사 시즌1,"
POGO
"
모던패밀리,"
외눈박이 / 시현
"
모두에게 완자가,"
완자
"
무한동력,"
주호민
"
미숙한 친구는 G구인,"
최삡뺩
"
방과 후 전쟁활동,"
하일권
"
버프소녀 오오라,"
김규삼
"
비바 산티아고,"
김용진
"
빵점동맹,"
마사토끼 / jo...
"
사또(Satto),"
최윤진
"
사랑일까?,"
남지은 / 김인호
"
삼봉이발소,"
하일권
"
새벽9시,"
서재일
"
소울카르텔,"
하람 / 지야
"
스페이스 차이나드레스,"
최봉수 / 원현재
"
스페이스 킹,"
박성용
"
스펙트럼 분석기,"
도국
"
시큼새큼,"
묘니
"
신령,"
이혜
"
아는사람 이야기,"
오묘
"
아빠를 찾습니다,"
동비
"
아이들의 권 선생님,"
호우
"
악당의 사연,"
랑또
"
어빌리티,"
손제호 / 이광수
"
언더클래스 히어로,"
김우준
"
우주전함 몰라몰라,"
고리타
"
웃지 않는 개그반 시즌1~2,"
현용민
"
월남특급,"
혜원
"
위아더 능력자!,"
손하기
"
인형의 기사,"
신의철 / 손두락
"
제페토,"
연제원
"
조선좀비실록,"
곤마
"
좀비를 위한 나라는 없다,"
모래인간
"
진진돌이 제로,"
윤종문
"
키드갱,"
신영우
"
키드갱 시즌2,"
신영우
"
투명살인,"
돌연변이
"
트럼프,"
이채은
"
파라다이스,"
황미나
"
폭풍의 전학생 - 리부트,"
강냉이
"
플라스틱 걸,"
리나 / 새달
"
한 살이라도 어릴 때,"
김진, 서나래, ...
"
한줌물망초,"
혜진양
"
후유증,"
김선권
"
ENT.,"
박미숙 / 강은영...
"
MY OH,"
박카린
"
SM 플레이어,"
랑또
"
wish-마녀의 시간,"
한송이
"
2012 루키 단편선,"
웹툰작가
"
2012 지구가 멸망한다면?,"
웹툰작가
"
강변살다,"
박윤영
"
국립자유경제 고등학교 세실고,"
양혜석 / 타파리
"
그날의 생존자들,"
김선권
"
기기괴괴,"
오성대
"
기적! 우리에게 일어난 일들,"
태발
"
낮에 뜨는 달,"
헤윰
"
내일은 웹툰,"
신의철
"
너와 너 사이,"
오지혜
"
네가 없는 세상,"
시니 / 혀노
"
다이스(DICE),"
윤현석
"
더 게이머,"
성상영 / 상아
"
독신으로 살겠다,"
선정성
"
동네변호사 조들호 시즌1,"
해츨링
"
드래곤레시피,"
ELDO / 엽
"
레사 시즌2~3,"
POGO
"
레인보우 로즈,"
김예린 / 장유라
"
리즌,"
이익수
"
맛집남녀,"
츄플엣지
"
매지컬 고삼즈,"
seri / 비완
"
모디파이,"
임달영 / 이수현
"
미선 임파서블,"
이수민
"
바람의 색,"
재아 / 임광묵
"
뱀파이어,"
오세형
"
사랑을 연기하다,"
김작가 / 유성연
"
사랑의 외계인,"
김이랑
"
새와 같이,"
후은
"
샌프란시스코 화랑관,"
돌배
"
소나기야,"
와루
"
송곳 1~3부,"
최규석
"
수업시간그녀,"
박수봉
"
스튜디오 짭쪼롬,"
오묘
"
신의 언어,"
장래혁
"
실질객관영화,"
무적핑크
"
싸귀2 : 퇴마록,"
임인스
"
아랫집 시누이,"
김진
"
아이들은 즐겁다,"
허5파6
"
"아이소포스 1, 2부","
김양수 / 도가도
"
악플게임,"
미티
"
안 돼요 마왕님!,"
마로
"
알게뭐야,"
김재한
"
에피소드칵테일,"
정마루
"
연애혁명,"
232
"
열무가 익어간다,"
박민경
"
오빠 왔다,"
모나
"
오성X한음,"
유승진
"
용이산다,"
초
"
우리의 이상한 여행,"
최경아
"
원 뿔러스 원,"
청보리
"
윈드브레이커,"
조용석
"
은주의 방,"
노란구미
"
이말년 서유기,"
이말년
"
장미아파트 공경비,"
권정희 / 박병규
"
죄의 파편,"
이승찬
"
찌질의 역사,"
김풍 / 심윤수
"
차차차,"
한나
"
최강전설 강해효,"
최병열
"
칼부림,"
고일권
"
코끼리를 끌어안는 방법,"
백희정
"
킥,"
강냉이
"
터치! 메리크리스마스,"
웹툰작가
"
투엔티스,"
김명현
"
판타지스케치 - 더 게임,"
엄재경 / 천범식
"
평범한 8반,"
영파카
"
프리드로우,"
전선욱
"
플로우,"
허니비
"
피리부는 남자,"
박찬호 / 차용운
"
하나(HANA),"
와난
"
한국만화거장전,"
한국만화가협회
"
"OH, MY GOD!","
강지영 / 현예지
"
2013 루키 단편선,"
웹툰작가
"
2013 전설의고향,"
웹툰작가
"
공복의 저녁식사,"
김계란
"
국립자유경제고등학교 세실고 2학기,"
양혜석 / 이현지
"
나는 너를 보았다,"
모래인간 / 티오비
"
남과 여,"
혀노
"
녹두전,"
혜진양
"
늘 푸른 찻집,"
고병준 / 제뉴
"
데드데이즈(DEAD DAYS),"
DEY
"
두근거려요,"
뚱땡이냐옹이
"
둥굴레차!,"
기라3
"
딥(DEEP),"
토우 / 김태헌
"
레드카펫,"
임진국
"
마녀사냥,"
박소
"
마루한 - 구현동화전,"
박성우
"
모던패밀리 2,"
외눈박이 / 시현
"
모태솔로수용소,"
석재윤
"
미결,"
꼬마비
"
미쳐 날뛰는 생활툰,"
Song
"
바로잡는 순애보,"
이채영
"
버퍼링,"
최홍준
"
복학왕,"
기안84
"
불만시대,"
김8
"
붉은 실,"
동비
"
블랙시저스,"
유령
"
빙의,"
후렛샤 / 김홍태
"
사이드킥,"
신의철
"
섀도우,"
유느지 / 해진
"
소년들은 무엇을 하고 있을까,"
컷부
"
숲 속의 미마,"
후은
"
시타를 위하여,"
하가
"
심연의 하늘 시즌 1~3,"
윤인완 / 김선희
"
씬커,"
권혁주
"
아메리카노 엑소더스,"
박지은
"
아이덴티티,"
시니 / 수훈
"
아프니까 병원이다,"
고리타
"
언터처블,"
맛스타
"
엄마와 딸 x2,"
필냉이
"
여탕보고서,"
마일로
"
영수의 봄,"
이윤희
"
오늘 밤은 어둠이 무서워요,"
김진
"
오즈랜드,"
이윤창
"
외모지상주의,"
박태준
"
우리 헤어졌어요,"
류채린
"
운빨로맨스,"
김달님
"
윈터우즈,"
cosmos / ...
"
윌유메리미,"
마인드C
"
인챈트-나람이야기,"
자유
"
일등당첨,"
미티
"
일사부재리,"
김신비 / 정은
"
재앙은 미묘하게,"
안성호
"
전자오락수호대,"
가스파드
"
조선왕조실톡,"
무적핑크
"
중립디자인구역,"
최남새
"
지새는 달,"
LELE / 별솔
"
진눈깨비 소년,"
쥬드프라이데이
"
질풍기획 시즌2,"
이현민
"
출격! 반보트,"
TGM / 린다
"
크레이터,"
태발
"
퇴마전쟁,"
한(恨)
"
패밀리 사이즈,"
남지은 / 김인호
"
프린스의 왕자,"
재아 / SE
"
하루 3컷,"
배진수
"
하이브 1~2,"
김규삼
"
한국만화거장전 : 순정만화특집,"
한국만화가협회
"
헬로 미스터 테디,"
아지
"
화이트멜로우,"
임진국
"
후레자식,"
김칸비 / 황영찬
"
Ho!,"
억수씨
"
"2014 네이버 웹툰, 왓 이프?","
웹툰작가
"
2014 루키 단편선,"
웹툰작가
"
결계녀,"
김태경
"
고고고,"
정은경 / 하일권
"
고수,"
류기운 / 문정후
"
공주는 잠 못 이루고,"
하가
"
귀도호가록,"
이수민
"
기로,"
구들
"
나는 귀머거리다,"
라일라
"
낚시신공,"
귀귀
"
낢 부럽지 않은 신혼여행기,"
서나래
"
닥터 프로스트 시즌 3~4,"
이종범
"
달수 이야기,"
산삼
"
라크리모사,"
임인스
"
레드돌,"
최윤열
"
마법스크롤 상인 지오,"
엄재경 / 호패
"
마스크걸,"
매미 / 희세
"
마야고,"
후렛샤 / 김홍태
"
만렙소녀 오오라,"
김규삼
"
모태솔로수용소 시즌2~3,"
석재윤
"
몽홀,"
장태산
"
미라클! 용사님,"
정하
"
미래소녀,"
황준호
"
밥 먹고 갈래요?,"
오묘
"
밥풀때기,"
Dylan / D...
"
백귀야행지,"
아만(阿慢)
"
뱀피르,"
카인 / 12B
"
버닝헬,"
윤인완 / 양경일
"
뷰티풀 군바리,"
설이 / 윤성원
"
빨간책,"
랑또
"
사이드킥 2~3,"
신의철
"
상중하,"
한(恨)
"
서북의 저승사자,"
양세준
"
소곤소곤,"
옛사람
"
소녀의 세계,"
모랑지
"
손의 흔적,"
유성연
"
송곳 4~5부,"
최규석
"
슈퍼 시크릿,"
이온
"
스피릿 핑거스,"
한경찰
"
시노딕,"
현욱
"
썸남,"
배철완
"
아이돌 연구소,"
해마 / 연제원
"
악의는 없다,"
환쟁이
"
야부리맨,"
미티
"
여중생A,"
허5파6
"
연놈,"
상하
"
연애의 정령,"
김호드
"
오!주예수여,"
아현
"
오민혁 단편선,"
오민혁
"
올해의 벚꽃도 함께,"
박수봉
"
우렁집사,"
최경아
"
우바우,"
잇선
"
웃지 않는 개그반 시즌3,"
현용민
"
은주의 방 2~3부,"
노란구미
"
이별만화 완성도,"
손경석
"
이상하고 아름다운,"
허니비
"
저승에서 만난 사람들,"
단우 / 백희정
"
적생,"
아루아니_팀 겟네임
"
전설의 레전드,"
강냉이
"
조석축구만화,"
조석
"
천국의 신화,"
이현세
"
천국의 신화 6부,"
올댓스토리 / 이...
"
천적,"
꼬마비 / 재수
"
철벽! 연애 시뮬레이션,"
혜니
"
컨트롤제트,"
미티
"
팀 피닉스,"
엄재경 / 지야프
"
파도의 주인,"
이뫄
"
프린스의 왕자 - 카페 드 쇼콜라 -,"
재아 / SE
"
해피,"
박설화
"
호랑이형님,"
이상규
"
후유증 2,"
김선권
"
2015 루키 단편선,"
웹툰작가
"
2015 사이,"
웹툰작가
"
2015 소름,"
웹툰작가
"
2015 우주특집 단편,"
웹툰작가
"
2호선 세입자,"
정은경 / 여원
"
3P,"
김우준
"
[드라마원작] 유미의 세포들,"
이동건
"
가담항설,"
랑또
"
가우스전자 시즌3~4,"
곽백수
"
감염자,"
이강
"
갸오오와 사랑꾼들,"
갸오오
"
골든 체인지,"
브림스
"
공감.jpg,"
임총
"
공대생 너무만화,"
최삡뺩
"
구구까까,"
혜니
"
구름의 이동속도,"
김이랑
"
군인RPG,"
십박
"
귀각시,"
세정
"
귀도,"
주동근
"
금수저,"
HD3
"
꿈의 기업,"
문지현
"
나노리스트,"
민송아
"
놓정동화,"
신태훈 / 나승훈
"
놓지마 정신줄 시즌2,"
신태훈 / 나승훈
"
대작,"
범우
"
대학일기,"
자까
"
동네변호사 조들호 시즌2,"
해츨링
"
동토의 여명,"
김정휘
"
레코닝,"
이혜
"
마이너스의 손,"
김뎐
"
문유,"
조석
"
부부생활,"
써니사이드업
"
부활남,"
채용택 / 김재한
"
블랙수트,"
박세준 / 차용운
"
스퍼맨 시즌1,"
하일권
"
신도림,"
오세형
"
심연의 하늘 시즌4,"
윤인완 / 김선희
"
아이소포스 3부,"
김양수 / 도가도
"
아일랜드 1부,"
윤인완 / 양경일
"
아일랜드 2부,"
윤인완 / 양경일
"
아테나 컴플렉스,"
케이사르
"
언덕 위의 제임스,"
쿠당탕
"
열렙전사,"
김세훈
"
열정호구,"
솔뱅이
"
오늘도 핸드메이드!,"
소영
"
완벽한 허니문,"
화류동풍 / 옛사람
"
"이기자, 그린","
김8
"
잡다한컷,"
그림왕양치기
"
제로게임,"
즐바센
"
지금 이 순간 마법처럼,"
나윤희
"
차원이 다른 만화,"
요엔
"
참치와 돌고래,"
이힝
"
첩보의 별,"
이상신 / 국중록
"
첩보의 별 시즌2,"
이상신 / 국중록
"
체크포인트,"
송가 / 은소
"
킬더킹,"
마사토끼 / jo...
"
킬러 김빵빵,"
김레옹
"
테러맨,"
한동우 / 고진호
"
투명한 동거,"
정서
"
폰령,"
웹툰작가
"
하이브 3,"
김규삼
"
한국만화거장전 : 만화보물섬,"
한국만화가협회
"
헬퍼 2 : 킬베로스,"
삭
"
MZ,"
최훈 / 청설모
"
2016 루키 단편선,"
웹툰작가
"
2016 비명,"
웹툰작가
"
2016 학교 다녀오겠습니다,"
웹툰작가
"
203호 저승사자,"
샤니
"
3인칭,"
꼬마비 / 애마비
"
[드라마원작] 내 ID는 강남미인!,"
기맹기
"
[드라마원작] 한번 더 해요,"
미티 / 구구
"
가비지타임,"
2사장
"
간질간질,"
손하은
"
걸어서 30분,"
이온도
"
격기3반,"
이학
"
계룡선녀전,"
돌배
"
귀전구담,"
QTT
"
그들에게 사면초가,"
소이
"
내일,"
라마
"
노곤하개,"
홍끼
"
니편내편,"
미티
"
닥터 하운드,"
아루아니 / 레임
"
달콤한 인생_스페셜 에피소드,"
이동건
"
데모니악,"
후렛샤 / 김홍태
"
도망자,"
신영우
"
랜덤채팅의 그녀!,"
박은혁
"
마왕이 되는 중2야,"
38
"
마주쳤다,"
하일권 X 네이버...
"
목욕의 신,"
하일권
"
미스터리 호러 지하철,"
단우
"
미시령,"
모코넛
"
뱀이 앉은 자리,"
김이연
"
빙탕후루,"
장희 / 주호민
"
선천적 얼간이들,"
가스파드
"
성공한 덕후,"
옛사람
"
신과함께,"
주호민
"
신석기녀,"
재아 / 한가람
"
신암행어사,"
윤인완 / 양경일
"
심연의 하늘 시즌5,"
윤인완 / 김선희
"
아기낳는만화,"
쇼쇼
"
야채호빵의 봄방학,"
박수봉
"
어글리후드,"
미애
"
언원티드,"
둠스
"
연애학,"
맹물
"
열일곱,"
플레이리스트
"
오늘도 사랑스럽개,"
이혜
"
오늘도 형제는 평화롭다,"
GIMS
"
오늘부터 주군,"
박카린
"
오직 나의 주인님,"
상수
"
우리 오빠는 아이돌,"
성은
"
우리집에 곰이 이사왔다,"
켄타
"
웅이는 배고파,"
박웅
"
원주민 공포만화,"
원주민
"
이것도 친구라고,"
제야
"
인간의 숲,"
황준호
"
절벽귀,"
오성대
"
조의 영역,"
조석
"
좋아하는 부분,"
타리
"
찬란하지 않아도 괜찮아,"
까마중
"
트롤트랩,"
유비
"
파도를 찾아라!,"
김정현
"
퍼스트 미션,"
신의철
"
푸른사막 아아루,"
달꽃
"
피에는 피,"
연제원
"
하나의 하루,"
석우
"
한국만화 1990,"
웹툰작가
"
허니허니 웨딩,"
문나영 / 노승아
"
홍시는 날 좋아해!,"
강하다 / 웃는해
"
홍차리브레,"
꼬모소이
"
환생동물학교,"
엘렌 심
"
DEY 호러채널,"
DEY
"
Doll 체인지,"
늉비
"
MZ-퓨어 이블,"
최훈 / 청설모
"
10월 28일,"
천정학
"
1인용 기분,"
윤파랑
"
2017 루키 단편선,"
웹툰작가
"
2017 멋진 신세계,"
웹툰작가
"
2017 사이다를 부탁해!,"
웹툰작가
"
[드라마원작] 간 떨어지는 동거,"
나
"
[드라마원작] 스위트홈,"
김칸비 / 황영찬
"
[드라마원작] 쌉니다 천리마마트,"
김규삼
"
갓핑크,"
이상신 / 국중록
"
개를 낳았다,"
이선
"
검은인간,"
이저녁
"
고교생을 환불해 주세요,"
Croissant
"
고인의 명복,"
조주희 / 유노
"
귀곡의 문,"
삼촌
"
그래서 나는 안티팬과 결혼했다,"
재림 / 김은정
"
그랜드 배틀 토너먼트,"
강냉이
"
극야,"
운 / 한큰빛
"
금요일 베스트,"
배진수
"
꼬리,"
공현곤
"
꽃 피는 날,"
두루
"
꽃미남 저승사자,"
히어리 / 쌍필 ...
"
나는 남 너는 녀,"
녹밤
"
나의 짝사랑 고백법,"
해미
"
날 가져요,"
원펀치래빗 / 로...
"
내 ID는 강남미인! - 둘만의 시간,"
기맹기
"
내 어린고양이와 늙은개,"
초
"
내 여자친구는 상남자,"
맛스타
"
냐한남자,"
올소
"
냥하무인,"
박성현
"
늑대와 빨간모자,"
슈안
"
데드라이프,"
후렛샤 / 임진국
"
데우스 엑스 마키나,"
꼬마비
"
로베스의 완전감각,"
정샛별
"
롤랑롤랑,"
자유
"
링크보이,"
광진 / 두엽
"
마음의 숙제,"
고아라
"
만 화 고,"
김8
"
머니게임,"
배진수
"
문래빗,"
이난
"
바른연애 길잡이,"
남수
"
반투명인간,"
마인드C / 김명현
"
방 안의 코끼리,"
고요
"
방백남녀,"
고태호
"
뱀파이어의 꽃,"
카나리아 / 동물...
"
병의 맛,"
하일권
"
부로콜리왕자,"
산삼
"
불괴,"
폭주필 / 폭주작
"
블랙엔젤,"
MEEN / 이동현
"
비둘기가 물고 온 남자,"
김달님
"
비질란테,"
CRG / 김규삼
"
살인자o난감,"
꼬마비 / 노마비
"
삼국지톡,"
무적핑크 / 이리
"
세상은 돈과 권력,"
한동우 / 이도희
"
소녀 연대기,"
지님
"
소유,"
한(恨)
"
수학 잘하는 법,"
하비영
"
스터디그룹,"
신형욱 / 유승연
"
식스틴,"
김인태
"
신시의 손님,"
이뫄
"
신을 죽이는 방법,"
나락 / 바밤
"
쎈놈,"
박용제
"
아르마,"
병장
"
악마와 계약연애,"
장진 / 움비
"
"안녕, 대학생","
다니
"
암흑도시,"
정뱅
"
약한영웅,"
서패스 / 김진석
"
언데드,"
김우준
"
에이틴,"
Playlist ...
"
엔드리스,"
윤준식 / 박하연
"
여신강림,"
야옹이
"
여중생A-우리들의 축제,"
허5파6
"
연의 편지,"
조현아
"
열대어,"
실버벨
"
옆반의 인어,"
요엔
"
옆집친구,"
이한솔
"
오늘의 순정망화,"
손하기
"
와장창창! 자취맨,"
폭타
"
완벽하지 않은 키스,"
강기언
"
왕으로 살다,"
네스티캣
"
요리GO,"
HO9
"
우주최강대스타,"
젤리피쉬 / 도힌이
"
위장불륜 (僞裝不倫),"
히가시무라 아키코
"
유일무이 로맨스,"
두부
"
이말년씨리즈 2018,"
이말년
"
이츠마인,"
럭스
"
일렉시드,"
손제호 / 제나
"
일진에게 회초리,"
유승연
"
일진이 사나워,"
강환영 / 김현아
"
자취로운 생활,"
츄카피
"
자판귀,"
윤정민
"
점핑오버,"
조니조 / 서사야
"
조선팔도 최강아이돌,"
햄쥐주먹
"
좀비딸,"
이윤창
"
죽음에 관하여,"
시니 / 혀노
"
집이 없어,"
와난
"
참새는 새!신부,"
99C / 백도
"
창궐,"
황조윤 / 윤군
"
캉타우,"
신형욱 / 양경일
"
클로즈업,"
현재권 / 우박
"
킬러분식,"
한(恨)
"
타인은 지옥이다,"
김용키
"
파리의 우리동네,"
이재이
"
파우스트 인 러브,"
허니맨 / 손팡
"
펀브로커,"
피터-Pen
"
푸들과 Dog거중,"
최삡뺩
"
피플,"
서승준 / 손창균
"
하드캐리,"
조양
"
하르모니아,"
YOON / JI...
"
한남동 케이하우스,"
박태준
"
허니버니,"
소금
"
헬58,"
장성준
"
혈투,"
신진우 / 박수영
"
호곡,"
김대훈
"
호러와 로맨스,"
루시드
"
화장 지워주는 남자,"
이연
"
환상적인 소년,"
후은
"
황금의 핸드메이커,"
박장고 / 김래하
"
Here U Are,"
D JUN
"
MZ-레이징 인페르노,"
최훈 / 청설모
"
12차원 소년들,"
컷부
"
2018 루키 단편선,"
웹툰작가
"
2018 재생금지,"
웹툰작가
"
2D남친 별책부록,"
웹툰작가
"
2인용 인간,"
WONDER
"
35cm,"
홍가
"
5kg을 위하여,"
수오수 / 홍끼
"
8월의 눈보라,"
김리아
"
[드라마원작] 알고있지만,"
정서
"
[드라마원작] 치즈인더트랩,"
순끼
"
ㄹㅇ 관종,"
9P
"
가령의 정체불명 이야기,"
가령
"
가슴털 로망스,"
갸오오
"
가타부타타,"
숭어
"
감히,"
희나리
"
갓!김치,"
김민우
"
갓도령스,"
도로롱
"
갓물주,"
HD3
"
강남도깨비,"
이경민 / 송준혁
"
같은도장,"
이힝
"
개장수,"
김규삼
"
겟라이프,"
MOOHAK
"
겟백,"
세윤
"
고래별,"
나윤희
"
고삼무쌍,"
B급달궁 / 하마
"
공유몽,"
주신 / 유령선
"
괴물신부,"
상범 / 스테익
"
교환일기,"
한끼룩
"
구독금지,"
김이연
"
구름이 피워낸 꽃,"
비온후
"
구원자,"
이한빈 / 산산
"
귀신이지만 사랑하고 싶어,"
엔엔 / 오제이
"
귀인,"
정연식 / 황진영
"
그날 죽은 나는,"
이언
"
그녀의 버킷리스트,"
황양 / 솦
"
그놈은 흑염룡,"
혜진양
"
금붕어,"
명랑 / 애풍
"
금혼령-조선혼인금지령,"
천지혜 / 산책
"
깁스맨,"
맹물
"
꼬맹이를 부탁해!,"
마라링
"
꿀벌과 아카시아,"
잔스
"
나를 바꿔줘,"
이지호 / 호띠
"
나의 우주,"
공이 / 김문경
"
난약,"
정현주 / 박진환
"
너에게만 보이는,"
소소만
"
닥터앤닥터 육아일기,"
닥터베르
"
닭강정,"
박지독
"
당신의 과녁,"
고태호
"
대표님이 구독하셨습니다,"
신지원 / 한혜린
"
더 복서,"
정지훈
"
도롱이,"
사이사
"
도사 가온,"
김상민
"
도플갱어의 게임,"
킹스날 / 쥐주
"
돼지만화,"
돼지작가
"
돼지우리,"
김칸비 / 천범식
"
두근두근 마감 중,"
연두 / 송이
"
땅 보고 걷는 아이,"
다온
"
라스트 서브미션,"
이행복
"
라일락 200%,"
아니영
"
럭키언럭키,"
가천가
"
로그아웃,"
임목원
"
루시퍼의 경호원,"
문설희 / 직선
"
마도,"
이밤
"
만물의 영장,"
보민
"
만찢남녀,"
님니
"
맘마미안,"
미티 / 구구
"
머리카락을 뽑으면,"
이다몽
"
먹이,"
외눈박이 / 박수봉
"
먹지마세요,"
노도 / 비버
"
메이크 업 드림 - Make Up Dream,"
김계란 X 네이버...
"
모락모락 왕세자님,"
원해
"
모죠의 일지,"
모죠
"
모퉁이 뜨개방,"
소영
"
몽연,"
김종진
"
무모협지,"
초신우
"
무주의 맹시,"
마누비
"
물레,"
고긱
"
미드나잇 체이서,"
석재윤
"
민간인 통제구역,"
OSIK
"
밀웜,"
쿼시
"
밤하늘에 구름운,"
견지 / 그리온
"
방탈출,"
십박
"
백수세끼,"
치즈
"
버그: 스티그마,"
해마 / 송지형
"
법대로 사랑하라,"
일리 / 노승아
"
별이삼샵,"
혀노
"
별종,"
이무기
"
병의 기록,"
베어리
"
복학생 정순이,"
한짜장
"
불릿 6미리,"
김도근
"
블루투스,"
국승원
"
사냥개들,"
정찬
"
사라지다,"
김선우
"
사소한 냐냐,"
LICO
"
사신소년,"
류
"
사우러스,"
이노
"
살人스타그램,"
령
"
삶이 우리를 속일지라도,"
김지수
"
선녀야 야옹해봐!,"
햄톨탱크
"
셈하는 사이,"
면지
"
셧업앤댄스,"
이은재
"
소심한 팔레트,"
한민기
"
속삭이는 e로맨스,"
최경아
"
수능일기,"
자까
"
숨:킬더바디,"
이재헌 / 김태순
"
숲속의 담,"
다홍
"
스테어스,"
옹구
"
스퍼맨3: 현자단의 역습,"
하일권
"
신선비,"
이서현
"
싸움독학,"
박태준 / 김정현
"
썸머 브리즈,"
한경찰
"
아는 여자애,"
허니비
"
아도나이,"
주동근
"
아이키우는만화,"
쇼쇼
"
아홉수 우리들,"
수박양
"
악취,"
디귿
"
안개무덤,"
김태영
"
안식의 밤,"
연제원
"
알파,"
부겸
"
압락사스,"
247
"
어글리 피플즈,"
배사과
"
어쩐지 수상하더라,"
디기사 / 두둥
"
어쩔꼰대,"
강선율 / Jen...
"
얼굴천재,"
지에이
"
여고전설,"
어스문 / 이제스
"
여기 악마가 있어,"
맷집왕
"
여기가 씨름부입니까?,"
MU / 만화인간
"
여주실격!,"
기맹기
"
열등의 조건,"
또이
"
"열렬하게, 단하나","
RAN / 이른봄
"
열불 로맨스,"
홍치
"
영앤리치가 아니야!,"
최삡뺩
"
오늘도 사랑하세요,"
하찌
"
오라존미,"
허5파6
"
오로지 너를 이기고 싶어,"
아마도지 / 사삭
"
오버더문,"
포르토 / 이승준
"
오일머니,"
정하용 / 펜촉
"
올가미,"
해무리
"
요괴대전,"
강두식 / 장부규
"
용비불패 완전판,"
류기운 / 문정후
"
원수를 사랑하라,"
정윤 / 태건
"
위대한 방옥숙,"
매미 / 희세
"
위험한 신입사원,"
Jiya / 박수정
"
유령극단,"
LICO
"
이계 무슨 황비,"
전현서 / GUA
"
이두나!,"
민송아
"
이제 곧 죽습니다,"
이원식 / 꿀찬
"
인간의 온도,"
이재익 / 양세준
"
인생존망,"
박태준 / 전선욱
"
인싸라이프,"
힐링달
"
인어를 위한 수영교실,"
용찬
"
장단에 맞춰줘!,"
햇님
"
장씨세가 호위무사,"
김인호 / 조형근
"
재혼 황후,"
히어리 / 숨풀 ...
"
저세상 클라스!,"
꾀돌이
"
저승사자 출입금지,"
심웅섭
"
정년이,"
서이레 / 나몬
"
정보전사 202,"
이작가
"
정순애 식당,"
아르몽
"
조선홍보대행사 조대박,"
김양수
"
중증외상센터 : 골든 아워,"
홍비치라 / 한산...
"
지구멸망버튼,"
박장고 / 신동구
"
천리마 네버다이,"
김규삼
"
천사가 아니야,"
박유나 / 표류
"
첫사랑입니다만,"
산차 / 이노
"
초인의 시대,"
섭이
"
취사병 전설이 되다,"
제이로빈 / 이진수
"
츄억보정,"
하비영
"
친애하는 X,"
반지운
"
칼가는 소녀,"
오리
"
캐슬,"
정연
"
커넥트,"
신대성
"
킬링타임,"
혼
"
타인의 로맨스,"
호욱 / 만찐
"
타인지옥 - 연쇄살묘사건,"
김용키
"
탑코너,"
윤성 / 라군
"
텃밭부 사건일지,"
오이츄
"
튜토리얼 탑의 고인물,"
루비 / 방구석김씨
"
틴맘,"
theterm
"
판타지 여동생!,"
유누
"
평행도시,"
고다
"
퓨리스틱,"
유성연
"
플랫다이어리,"
임현
"
피와 살,"
황준호
"
하늘쌤은 피곤해,"
hemo
"
하루,"
오늘
"
하루만 네가 되고 싶어,"
삼
"
하슬라,"
까를로스 / 유상진
"
하우스키퍼,"
채용택 / 유현
"
한국만화 또 다른 시선,"
웹툰작가
"
합격시켜주세용,"
이온
"
합법해적 파르페,"
뼈피살
"
행성인간,"
조석
"
헬프탑,"
황인빈
"
현혹,"
홍작가
"
호러전파상,"
봄소희 / 김선희
"
화양연화 Pt.0 ＜SAVE ME＞,"
Big Hit E...
"
회춘,"
기안84
"
후덜덜덜 남극전자,"
김민혁
"
FM보이,"
육일공
"
1초,"
시니 / 광운
"
2019 귀신사용설명서 - 괴담의 재구성,"
웹툰작가
"
2019 루키 단편선,"
웹툰작가
"
2019 병영일기,"
웹툰작가
"
27-10,"
AJS
"
3cm 헌터,"
돌연변이 / 제이...
"
9등급 뒤집기,"
아백
"
[드라마원작] 지옥,"
연상호 / 최규석
"
가난을 등에 업은 소녀,"
B급달궁 / 오은지
"
가족의 초상,"
김승택
"
각자의 디데이,"
오묘
"
감자마을,"
박지독
"
갑자기 커피,"
우 / 리지
"
강림전기 개정기,"
철무장미 / 장군
"
개미,"
재희
"
개미잡이,"
이익수
"
개밥 먹는 남자,"
김태순
"
거미,"
모아이
"
견우와 선녀,"
안수민
"
견원지간 로맨스,"
최현옥 / 고방
"
결백한 사람은 없다,"
서각
"
결혼까지 망상했어!,"
문주
"
결혼생활 그림일기,"
은꼼지
"
경비 배두만,"
이영곤
"
"곱게 키웠더니, 짐승","
티바 / 여슬기 ...
"
공포단편선X,"
김대일
"
관계의 종말,"
김용키
"
광장,"
오세형 / 김균태
"
광해의 연인,"
러시 / 유오디아
"
구남친이 내게 반했다,"
희똑 / 강하다
"
구주의 시간,"
송극장
"
군주,"
박산하
"
그 기사가 레이디로 사는 법,"
아인 / Ink....
"
그녀는 무사다,"
명랑 / 부겸
"
급식아빠,"
김재한
"
기억흔적,"
브라보 장
"
김왕짱,"
이난
"
꼬리 있는 연애,"
진하 / 헤폰
"
꼬리잡기,"
바쉬
"
꽃만 키우는데 너무강함,"
주현후 / 쿰타타
"
나노마신,"
현절무 / 금강불...
"
나랑 살래?,"
은희
"
나만 보여!,"
LICO
"
나쁜 쪽으로,"
오은 / 이세릴
"
나쁜사람,"
둠스
"
나의 첫번째 새벽,"
신매
"
나의 플랏메이트,"
산삼
"
낙향문사전,"
바킹독 / 팀 페...
"
낢이 사는 이야기,"
서나래
"
남다른 신부름,"
꼬리
"
남자주인공의 여자사람친구입니다,"
카콘 / 류희온
"
남주의 첫날밤을 가져버렸다,"
티바 / MSG ...
"
내게 필요한 NO맨스,"
마그네슘
"
냄새를 보는 소녀,"
만취
"
너에게 나를 던진다,"
김대호 / 낫츠
"
너에게 하고 싶은 말,"
정지훈
"
너의 미소가 함정,"
앵고
"
네버엔딩달링,"
울리
"
노답소녀,"
석우
"
노력의 결과,"
악파
"
노선도,"
효기
"
누군가의 로섬,"
방농구
"
다함께 이겨내요,"
웹툰작가
"
단편.zip,"
웹툰작가
"
달의 요람,"
이정선
"
달콤살벌한 부부,"
장그린 / 플라비
"
당신의 향수,"
호우
"
더 트웰브,"
공현곤
"
던전 씹어먹는 아티팩트,"
엄키 / 제로워터
"
데드퀸,"
김규삼
"
데빌샷,"
CTK
"
데빌카운터,"
해밀k / 김학영
"
데이빗,"
d몬
"
데이즈,"
양수
"
도를 아십니까,"
이건 / 요엘
"
도무지 그애는,"
게코
"
독립일기,"
자까
"
동네몬스터,"
이현민 / 이세형
"
동트는 로맨스,"
유월
"
두근두근 네가 좋아서,"
박래모 / 서혜은
"
두근두근 연극부,"
김태경
"
두번째 생일,"
스프링
"
드로잉 레시피,"
꼬모소이
"
떨림,"
원수연
"
또한번 엔딩,"
타리
"
뚝배기 깨러 왔습니다,"
임성훈
"
라라파루자,"
유티스트
"
라서드,"
감람
"
"라커, 오프너","
만취 / 바른꽃
"
레이디악숀,"
령 / 박혬
"
로딩,"
이지우
"
로어 올림푸스,"
레이첼 스마이스
"
루커피쳐,"
효정
"
리턴 투 플레이어,"
엄키 / 세혼 /...
"
마녀와 용의 신혼일기,"
뉴릉이 / 디망 ...
"
마른 가지에 바람처럼,"
화음 / 달새울
"
만렙돌파,"
성불예정,홍실 /...
"
말하는대로,"
무브
"
매지컬 메디컬,"
지공
"
뫼신 사냥꾼,"
승림 / 방승현 ...
"
무사만리행,"
운 / 배민기
"
물고기가 보이는 남자,"
차세기
"
미래의 골동품 가게,"
구아진
"
미스터 해녀,"
빡세
"
미스테리오소,"
송일곤 / 이제
"
바른탕진 프로젝트,"
점삼
"
바이러스X,"
준 / 하랑
"
반귀,"
세정
"
반중력소녀,"
겨울
"
방과후 선녀,"
이윤후
"
방정사,"
할리데이 / 도진
"
백년게임,"
하람 / 지야
"
백호랑,"
박혬
"
범이올시다!,"
해
"
벚꽃이 흩날릴 무렵,"
황양
"
별을 삼킨 너에게,"
ARI
"
보글보글,"
요나
"
보물과 괴물의 도시,"
이을
"
보살님이 캐리해!,"
성코 / 콩자
"
봉이 김선달,"
양우석,정하용 /...
"
불발소년,"
곤세
"
블러드레인,"
MEEN / 백승훈
"
비스타,"
유마
"
비스트사인,"
해밀k / Sod...
"
빅맨,"
하하영
"
빌드업,"
911
"
빛빛빛,"
수진
"
빨강,"
그냥연어
"
사람은 고쳐 쓰는 게 아니야!,"
염라 / 구일하
"
사랑의 헌옷수거함,"
고잉
"
사상최강,"
이단아 / 황규영
"
사장님을 잠금해제,"
박성현
"
살아간다,"
이행복
"
살의,"
길연
"
상남자,"
하늘소 / 도가도...
"
새벽 두 시의 신데렐라,"
산차 / 아이고메
"
샤인 스타,"
김현
"
서브 콤플렉스,"
소이
"
선녀님은 휴가중,"
으늬
"
"선배, 그 립스틱 바르지 마요","
까페라떼 / JI...
"
선의의 경쟁,"
송채윤 / 심재영
"
성경의 역사,"
최경민 / 영모
"
성스러운 아이돌,"
스튜디오M / 악...
"
성인초딩,"
미티
"
세기말 풋사과 보습학원,"
순끼
"
세대전쟁,"
까를로스 / 임홍재
"
세상과 하늘 사이,"
우기리
"
소녀 해미,"
이현우
"
소녀180,"
나우원 / 델라
"
소녀재판,"
루즌아 / 보로콤
"
속보입니다,"
Z6 / 밀카
"
손 잡아 볼래?,"
예타쿠
"
손아귀,"
황정훈
"
수상한 비밀상담부,"
149
"
수평선,"
정지훈
"
순정말고 순종,"
슈안
"
스몰,"
을승
"
스윗솔티,"
달삐
"
스캔들,"
티바 / 도그 /...
"
스크립토리움,"
Song
"
스트러글,"
윤준식 / 백지운
"
스퍼맨 시즌2,"
하일권
"
스포,"
이강
"
시월드 판타지,"
진돌 / 히디
"
시효완성,"
삼바, 미스터리 ...
"
신비,"
반지
"
신상 미스터리 극장,"
신상윤
"
신의한수,"
이순기 / 민홍기
"
신이 담긴 아이,"
건치 / 호진
"
싸이코 리벤지,"
기송 / 넴가
"
아르세니아의 마법사,"
SAYM / 박성호
"
아이고 아이고,"
하모
"
아이레,"
설이 / Team...
"
아침을 지나 밤으로,"
손지은
"
악령주의보,"
토마토모닝
"
악마에게 은총을,"
백지연 / 스튜
"
악인,"
광탄토 / 마두르
"
안녕 나의 모모로,"
켄타
"
"안녕, 나는 너를 좋아해","
하토
"
"안녕, 이바다씨","
문나영
"
앵무살수,"
김성진
"
야자괴담,"
이도광
"
얌전한 사이,"
JQ / 이진영
"
어른의 계절,"
선홍달
"
어서와,"
고아라
"
어차피 남편은!,"
찡나
"
언럭키 맨션,"
약국
"
언메이크,"
박화랑
"
언플래시레슨,"
현
"
에리타,"
d몬
"
엔딩 후 서브남을 주웠다,"
정서 / 황도톨
"
여름은 뜨겁다,"
JQ / ZK
"
여성전용헬스장 진달래짐,"
유기
"
연우의 순정,"
이솔
"
연하의 맛,"
나영 / 승우
"
열녀박씨 계약결혼뎐,"
안젤리크 / 닷다...
"
엽총소년,"
김칸비 / 홍필
"
영광의 교실,"
아니영
"
영월동 534번지,"
임성훈 / 정보근
"
오늘 밤만 재워줘,"
유나나 / 해번
"
오늘부터 천생연분,"
달노도 / 노승아
"
오른눈이 보는 세계,"
코어
"
오빠세끼,"
올리브유
"
오빠야 누나야,"
긴유
"
오컬트,"
신진우 / 최봉근
"
오파츠,"
성진 / 부겸
"
오피스 누나 이야기,"
김자네 / 와삭바...
"
온새미로,"
여우 / 사문
"
와이키키 뱀파이어,"
요니요니
"
완벽한 가족,"
냥빠 / 주은
"
왕년엔 용사님,"
고샤 / 솔렘
"
왕따협상,"
아이아리
"
왕세자 입학도,"
무번
"
욕망일기,"
김주인 / 박태준...
"
용왕님의 셰프가 되었습니다,"
옥 / 카라쿨 /...
"
우리 사장님은 개,"
레나
"
우리 안의 주,"
폭스바니
"
우리는 여기!,"
달꼬냑
"
우리는 요정!,"
억수씨
"
운수 오진 날,"
아포리아
"
원하는 건 너 하나,"
달콤J,박성실 /...
"
웰캄투실버라이프,"
솔녀
"
웰컴 온보드,"
다니
"
유리와 유리와 유리,"
요엔
"
유비님께 투자하겠어,"
B급달궁 / 이유정
"
이모네 집에 갔는데 이모는 없고,"
신해영 / 정우
"
이번 생도 잘 부탁해,"
이혜
"
이별의 품격,"
해마 / 억수씨
"
이웃집의 훈훈한 스토커군,"
teamGOGI+
"
이중첩자,"
하연 / 옆집찰스...
"
이탄국의 자청비,"
한집 / 나넷 /...
"
인간졸업,"
진자 / 정생
"
인문학적 감수성,"
교날 / 번암
"
인터셉트,"
임주이 / 우지혜
"
입학용병,"
YC / 락현
"
잉여특공대,"
물꾹 / 찰떡
"
자취방 신선들,"
마로 / 강재건
"
잭슨의 관,"
CTK
"
"저무는 해, 시린 눈","
MURO
"
전지적 독자 시점,"
UMI / 슬리피...
"
정글쥬스,"
형은 / 쥬더
"
조선방랑야사,"
가현
"
조선여우스캔들,"
문종호 / 정후 ...
"
좀비소녀,"
DAMA
"
좋아하게 해줘,"
지원 / 예림
"
죽어도 로맨스,"
권혜민 / 단염
"
죽여주는 탐정님,"
뻥 / 조은
"
중독연구소,"
김택기
"
지옥급식,"
둘기마요
"
진정친구,"
설주
"
진짜 정말 맹세코 좋아해,"
개차반 / 잠괴물
"
집사레인저,"
현실안주형
"
차가운 장례식,"
탐토
"
차라리 만나지 않았더라면,"
Mlizard
"
참교육,"
채용택 / 한가람
"
창공의 타이양사무소,"
박유나
"
천도,"
진작
"
천하제일인,"
권순규 / 신권이
"
청춘 블라썸,"
홍덕 / NEMO...
"
체인지,"
진원
"
친구의 비밀계정,"
남방과일차 / 오...
"
침범,"
공세리 / 영영이
"
카루나,"
강호진
"
커피도둑,"
유지별이
"
태릉좀비촌,"
하얀독수리
"
태백 : 튜토리얼 맨,"
이난 / 백세
"
테러대부활,"
한동우 / 고진호
"
텍사스홀덤,"
onesound
"
토끼대왕,"
김숭늉
"
토니와 함께,"
정성완
"
파리대왕,"
워커
"
파이게임,"
배진수
"
판사 이한영,"
문성호 / 전돌돌...
"
팔려 온 신부,"
지기 / 시크크
"
평화선도부,"
최경민 / 용성
"
플라워(FLOWAR),"
홍작가
"
"플레이, 플리","
이에프
"
플레이어,"
박종석 / 오현준
"
피노키오 소녀,"
망순
"
피라미드 게임,"
달꼬냑
"
피로만땅,"
샤니
"
피와 나비,"
레민
"
필살VS로맨스,"
구르
"
하늘아래 우체부,"
란게
"
하렘의 남자들,"
히어리 / 영빈 ...
"
학교정벌,"
나락 / 지앤
"
한강예찬,"
김8
"
한림체육관,"
혜성 / 이석재
"
한스와 에밀리,"
김지효
"
함부로 대해줘,"
선우
"
해귀,"
알파A
"
헌팅,"
은성 / 전영륜
"
헬 인 파라다이스,"
비열한 호떡 / ...
"
헬로도사,"
웅비
"
헬로맨스,"
이공주 / 하얀독...
"
헬프미,"
철준
"
형의 그녀,"
박재성 / 박성재
"
호랑이 들어와요,"
배세혁 / 유은
"
호시탐탐,"
박현정
"
호야,"
큰빛
"
화이트 블러드,"
임리나
"
환생소녀,"
이지훈 / 한아름
"
황제와의 하룻밤,"
예영 / INUS...
"
후기,"
조석
"
후아유!,"
이범 / 이도윤
"
히트포인트,"
민형 / 여강현
"
힙한남자,"
혜니
"
AI가 세상을 지배한다면,"
POGO / HO...
"
POGO 공포단편선 - 혼집,"
POGO
"
Yes my boss(예스마이보스),"
김밀콩
"
102030,"
H / JMS
"
11me,"
고지애 / 영재영
"
2020 최애캐의 MBTI,"
웹툰작가
"
2020 호랑 공포 단편선,"
호랑
"
4층복도끝천국,"
효조 / POST
"
[드라마원작] 모범택시,"
까를로스 / 크크...
"
가상&RPG,"
주다현
"
가짜인간,"
0환이 / 반얀
"
감 비서가 고장났다,"
퀀퀀 / 파란드
"
같은 학교 친구,"
유유
"
갤러리L : 당신의 기억을 보관해드립니다,"
조홍 / 라미아
"
거래,"
우남20
"
거래하실래요?,"
99C / 백도
"
게임의 법칙,"
유티스트
"
경자 전성시대,"
김호드
"
고등단편.zip,"
웹툰작가
"
고등매직,"
잭형
"
고백 취소도 되나?,"
신매
"
공방의 마녀,"
박소희
"
관종교장,"
좌승훈
"
관찰일기,"
파랑
"
광마회귀,"
JP / 이히 /...
"
괴물공작의 딸,"
한바다 / 찬란
"
교환학생,"
올챙구리
"
구사일생 로맨스,"
곰곰 / 서정 /...
"
구원자 요즘 뭐해요,"
판톰
"
구주,"
준치 / 조9
"
"구해줘, 호구!","
기천
"
국세청 망나니,"
엘가 / 신스 /...
"
국왕과 성기사의 약탈혼,"
이린비 / 박지은
"
굿 리스너,"
쥬드프라이데이
"
귀령왕,"
손고후 / 박진석
"
"그 개, 만두","
호정
"
그 남주와 이별하는 방법,"
소나불 / 미니
"
그 해 여름,"
김현
"
그 해 우리는 - 초여름이 좋아!,"
한경찰
"
그 황제가 시곗바늘을 되돌린 사연,"
화영 / 용끄 /...
"
그녀석 정복기,"
강은영
"
그들이 사귀는 세상,"
율로
"
그렇고 그런 바람에,"
아니영
"
그림자 신부,"
덥머 / 이새인
"
그림자의 밤,"
융
"
급식러너,"
슬랭킷
"
기계증식증,"
홍작가
"
기사님을 지켜줘,"
달봉
"
길고양이 행진,"
몹시찰진우럭
"
길티액스,"
정샛별
"
김부장,"
박태준 만화회사 ...
"
꼬드보,"
뚜부
"
꼰대 관찰자,"
진아
"
꽃 피우는 남자,"
양하
"
"꿀잠, 재워주세요!","
진하 / 김윤지
"
꿈에서 자유로,"
2L
"
나 혼자 네크로맨서,"
김경열 / 김동준...
"
나 혼자 만렙 뉴비,"
WAN.Z / 스...
"
나는 어디에나 있다,"
김선권
"
나라 구한 전생,"
양키풀
"
"나를 길들여 봐, 차비서","
홍주 / 글쓰는 ...
"
나쁜 마법사의 꿈,"
이아거
"
나의 계절,"
박수민
"
나의 스마트보이,"
긴유
"
나타나주세요!,"
김기현
"
"나태 공자, 노력 천재 되다","
doip / 도도...
"
남주서치,"
잔비
"
남편을 만렙으로 키우려 합니다,"
유기농 / 컬린 ...
"
내 남편과 결혼해줘,"
LICO / 성소작
"
내 룸메이트는 마네킹,"
서이
"
내 몸을 부탁해,"
김영삼
"
내 최애가 위험해,"
요신 / 우리
"
내가 죽기로 결심한 것은,"
YUJU
"
내가 키운 S급들,"
seri / 비완...
"
내과 박원장,"
장봉수
"
너와 나의 눈높이,"
인미
"
네가 죽기를 바랄 때가 있었다,"
기매 / 아란 /...
"
뉴심:교체인생,"
지인
"
늑대가 되는 법,"
김민희
"
니나의 마법서랍,"
랑또
"
다꾸남,"
코츠
"
다름이 아니라,"
해미
"
다시 또 봄,"
이힝
"
달달한 그녀,"
S / 날치
"
달로 만든 아이,"
온윤
"
달이 없는 나라,"
엥비
"
당신의 여자가 되고 싶어요,"
팀아가페 / 별규
"
"대공님, 실수였어요!","
시세Sisse, ...
"
대디고라운드,"
희나리
"
대신 심부름을 해다오,"
고아라
"
더 나우,"
이니
"
더 퀸즈,"
청민 / 이수현
"
더블클릭,"
김장훈,박수봉 /...
"
덴큐,"
백감독
"
도깨비 고개,"
이뫄
"
도리내리,"
사영
"
독신마법사 기숙아파트,"
재윤 / 기르답
"
돌&아이,"
송채윤 / 엔리
"
돌아온 여기사,"
이하린 / 하늘미르
"
동생친구,"
님니
"
두 번 사는 프로듀서,"
여로운 / 왕십리...
"
등교하는 근식이,"
무지개 멍멍이
"
또 다른 사랑,"
이순기 / 또각 ...
"
"또다시, 계약 부부","
제제 / 설우희
"
똑 닮은 딸,"
이담
"
랑데뷰,"
제로
"
레지나레나 - 용서받지 못한 그대에게,"
곽나나 / 설동원...
"
로맨스는 살벌하게,"
박시현 / 라미아
"
로판 빙의 만화,"
싱난다
"
롭플롭,"
CTK
"
리안소울의 엑소클럽,"
신진오 / 박희정
"
리얼월드 ; 밸런스붕괴자,"
콩이 / 엘코
"
리트리츠,"
신형욱 / 김선희
"
리프로듀싱,"
고지애 / 이노
"
마계인섬,"
초
"
마녀의 심판은 꽃이 된다,"
은백 / 서현
"
마물전담부대,"
염손
"
마법사가 죽음을 맞이하는 방법,"
박젶 / 주은설
"
마법사랑해,"
명랑 / 청설모
"
마성의 공작님은 잠 못 이루고,"
레몬개구리 / 고...
"
마스코마스코,"
남정훈
"
마왕까지 한 걸음,"
윤홍
"
마지막 지수,"
에리카 / 채나라
"
만능잡캐,"
키보드만세, 홍실...
"
말년용사,"
후딩 / 신마니
"
말박왕,"
용사
"
망나니 소교주로 환생했다,"
재무 / 전마두 ...
"
먹는 인생,"
홍끼
"
메트로헌터,"
두엽 / 척준경
"
멸망X초이스,"
텐
"
멸망급 빌런들의 선생님,"
이지 / 떡구이 ...
"
모기전쟁,"
정지훈
"
모두 너였다,"
이순기 / 오정호...
"
모스크바의 여명,"
타이밍 / 이샨오...
"
모어 라이프,"
이아영
"
몬스터,"
이은재
"
몸이 바뀌는 사정,"
푸릭 / 달꽃 /...
"
묘령의 황자,"
아흐레달
"
무능빌런,"
흰여울 / 이창준
"
무서운게 딱좋아!,"
이동규
"
무용과 남학생,"
이호진
"
무의식의 숲,"
루시드
"
묵시의 인플루언서,"
조석
"
물어보는 사이,"
성은
"
물위의 우리,"
뱁새 / 왈패
"
미물,"
외눈박이 / 김도연
"
미스테리 게임,"
고경빈
"
미신,"
미요커 / 제촘
"
미치도록 너만을,"
월귤 / 해가 /...
"
미친 후작을 길들이고 말았다,"
골지 / 이레 /...
"
미혼남녀의 효율적 만남,"
타리
"
밑빠진 용병대에 돈 붓기,"
체셔냐옹 / 치카
"
바로 보지 않는,"
지민
"
바스키,"
진철수 / 변기현
"
바퀴,"
나우원 / 오른손
"
반드시 해피엔딩,"
불사 / 재림 /...
"
반짝반짝 작은 눈,"
억수씨
"
밤낚시,"
LICO / 디귿
"
밤을 깨우는 마법,"
외딴
"
방구석 히어로,"
시호 / 은휘
"
배달의 신,"
명랑 / 신얼
"
배트맨: 웨인 패밀리 어드벤처,"
CRC Payne...
"
뱀은 꽃을 먹는가,"
소나음
"
버티면 10억,"
만화인간
"
벨과 야수의 근로계약,"
도넛먹는해달 / ...
"
벽간소음,"
이백
"
변방의 외노자,"
턍 / 북국너구리...
"
별을 쫓는 소년들,"
HYBE
"
보듬보듬,"
라라시스터
"
보스의 노골적 취향,"
팀솜사탕 / 반지...
"
보통아이,"
까를로스 / 범스...
"
본투비갓,"
턱점
"
봐선 안되는 것,"
수리부
"
분당구의 용사 지망생,"
김태윤
"
불순물,"
우열
"
불쾌한 골짜기,"
사락 / 7R2B...
"
불티,"
박시현 / 오른손
"
불편한 관계,"
잔스
"
브랜든,"
d몬
"
블랙 위도우,"
마크 웨이드 / ...
"
블랙홀과 3만원,"
김규삼 / 혜원
"
블러드 리벤저,"
고백
"
비밀상자,"
레이카
"
비인간,"
김케이
"
빌런투킬,"
퓨핀 / 은지
"
빨간맛 로맨스,"
사지현 / 서루
"
빨리감기,"
포르토,홍준기 /...
"
사람의 조각,"
신의철 / 천범식
"
사랑과 평강의 온달!,"
한기주 / 일
"
사막에 핀 달,"
선지
"
사서고생!,"
몽실
"
사실 마법이었던 거임,"
박성현
"
사심폭발 로망스,"
상림(메리J) /...
"
사파리 로맨스,"
yoshua / ...
"
산신의 주인입니다,"
뇽
"
살아남은 로맨스,"
이연
"
삼매경,"
이원식 / 꿀찬
"
상연,"
YooN
"
상위1%,"
미티 / 웅비
"
생존고백,"
박태현
"
생존로그,"
이노
"
샹치,"
진 루엔 양 / ...
"
서울역 드루이드,"
문성호 / 활성곰...
"
선남친 후연애,"
곰곰 / 정미 /...
"
소공녀 민트,"
땔깜 / 갈피 /...
"
소극적 인간,"
다쓴총
"
소년 검사,"
혁씨
"
"소년, 남자의 이름으로","
수진
"
소년의 기록,"
베어리
"
쇼미더럭키짱!,"
박태준 / 김성모
"
수영만화일기,"
해오
"
수요웹툰의 나강림,"
이경민 / 송준혁
"
수호하는 너에게,"
김순돌
"
수희0(tngmlek0),"
생일기분
"
숨겨진 성녀,"
야마겟돈 / 연슬아
"
슈퍼스타 천대리,"
박경원 / 이재국...
"
스트릿 워크아웃,"
장부규
"
스파이더맨 단편선,"
마블 코믹스
"
스퍼맨 : 전하지 못한 이야기,"
하일권
"
시벨롬 리스트,"
LICO
"
시에라,"
문아 / Rana
"
시월드가 내게 집착한다,"
승우 / 한윤설
"
식인귀,"
선택길
"
신군,"
규남
"
신림/남/22,"
박태준 만화회사
"
신부가 필요해,"
루홍, 미니 / ...
"
실버 쥬얼,"
찬2
"
쌈빡,"
38
"
썸내일,"
봉수
"
"아, 쫌 참으세요 영주님!","
새우초밥 / da...
"
아가사,"
이다인
"
아내를 죽였다,"
희나리
"
아빠같은 남자,"
이수민
"
아사,"
우새새
"
아이즈,"
정썸머
"
아찔한 전남편,"
마풍각 / 여백 ...
"
악녀 18세 공략기,"
홍혜
"
악당이 살아가는 법,"
감사크 / 이마식...
"
악몽일기,"
육공
"
안드로이드는 혈이 없어,"
황동
"
안미운 우리들,"
지피
"
알바걸과 워킹맨,"
수진
"
애옹식당,"
정다정
"
야만의 시대,"
신의철 / 장대현
"
야생천사 보호구역,"
루시드
"
야수의 날,"
이동화 / 이금성...
"
약초마을 연쇄살초사건,"
박지독
"
어느날 갑자기 서울은,"
박창근
"
어느날 네가 떠올라!,"
해영채
"
어둠이 밀려오면,"
이늑태 / 땡바 ...
"
어메이징 스파이더맨,"
닉 스펜서 / 라...
"
어벤저스: 지구 최강의 영웅들,"
제이슨 아론 / ...
"
엑스애쉬,"
김세훈 / 이광수
"
엑스트라 데이즈,"
아니영
"
여고생 드래곤,"
땅콩
"
여고생 임연수,"
령 / 박혬
"
여름여자 하보이,"
석영
"
여우놀이,"
황혜진
"
여우애담,"
이도광
"
역대급 영지 설계사,"
이현민 / 김현수...
"
역주행!,"
김현아
"
연애는 전쟁!,"
윤솜 / 와리
"
연주동 일가족 살인사건,"
후던잇
"
엽사:요괴사냥꾼,"
삼박
"
예쁜 사나이,"
영원
"
오!너의 리스크,"
바리
"
오늘또오늘,"
희나리
"
오늘의 컨셉,"
일해
"
오로지 오로라,"
홍달
"
오빠집이 비어서,"
이서희 / 태소영
"
"오직, 밝은 미래","
박원희
"
오징어도 사랑이 되나요?,"
젤리피쉬 / 문댄스
"
온실 속 화초,"
옛사람
"
온에어,"
심복일
"
완벽한 결혼의 정석,"
영 / 제리볼 /...
"
왕은 그림자 숲에 잠든다,"
현민예 / 효설 ...
"
용감한 시민,"
김정현
"
용련,"
실
"
용사가 돌아왔다,"
나락 / 풍백
"
용사참수인,"
김세래
"
우주 최강의 첫사랑,"
정하림 / 갱
"
우투리,"
이재헌 / 임재원
"
"울어주세요, 황태자님","
Duck담
"
원작은 완결난 지 한참 됐습니다만,"
도래 / 원더드림
"
위닝샷!,"
강견 / 시바견
"
위아더좀비,"
이명재
"
위치헌트 (Witch Hunt),"
은성 / 마른인간
"
유니버스 000,"
고경빈
"
유미의 세포들 외전 : 프로 직장인,"
이동건
"
율리,"
돌배
"
은둔코인,"
HD3
"
은의 정원,"
터장 / 채은
"
은탄,"
김규삼
"
의도적 외면,"
보민
"
이게 아닌데,"
봄소희 / 김세이
"
이모털 헐크,"
앨 유잉 / 조 ...
"
이별 후 사내 결혼,"
미믹 / 이달리
"
이별학,"
맹물
"
이븐 모어,"
성, 귤씨 / 토...
"
이상형은 아닙니다,"
박윤영 / 은동이
"
이세계 세입자들,"
kiki / 이음
"
이제야 연애,"
딘돈 / 서혜은
"
이터널스,"
닐 게이먼 / 존...
"
인간대전,"
김성모
"
인간의 자격,"
MU / 초연
"
인피니티,"
2오
"
일타강사 백사부,"
이석준 / 오리보...
"
잔불의 기사,"
환댕
"
장난감,"
배사과
"
장미같은 소리,"
혜진양 / 듀영
"
재난소년,"
코말랑
"
재앙의 날,"
환상특급 / 이승찬
"
잿빛도 색이다,"
쿼시
"
적어주세요!,"
바구니
"
전생연분,"
재아 / HAE
"
전설의 화석,"
청종 / 아뷰
"
제7원,"
남정훈 / 김태헌
"
제왕: 빛과 그림자,"
김남규 / 애풍,...
"
제타,"
하지
"
조조코믹스,"
이동건
"
존망코인,"
박태준 만화회사
"
존잘주의,"
령
"
좀비 파이트,"
이저녁
"
좋아하게 될 거야,"
박수정(방울마마)...
"
좋아해 아니 싫어해,"
지지
"
좋은데 어떡해,"
여은
"
"주님, 악마가 되게 해주세요!","
불사 / 용가리
"
주욱 같은 하루,"
미티 / 민영
"
죽지 않으려면,"
파래 / 임진국
"
줄라이 블루,"
신건우
"
줄리엣의 나라,"
EGAUN / c...
"
중매쟁이 아가 황녀님,"
박카린 / 지미신
"
지구식 구원자 전형,"
하정수 / 외투
"
지금부터 황제의 마음을 빼앗겠습니다,"
코코넛크림파이 /...
"
지금은 삽질 중,"
자유
"
지랄발광,"
김인호
"
지원이들,"
구리
"
짝사랑 마들렌,"
미이
"
짝사랑의 유서,"
군밤
"
찌질하지만 로맨스는 하고 싶어,"
상수
"
찐:종합게임동아리,"
소장
"
착하게 살자 시즌1~2,"
사열, 오기수 /...
"
착한건 돈이된다,"
유성연
"
"찬란하지 않아도 괜찮아, 새벽","
까마중
"
천마는 평범하게 살 수 없다,"
ZAINO / 우...
"
천마육성,"
광휘 / 조형근
"
천신의 요람,"
임솔이 / 항낭
"
천치전능,"
김칸비 / 송래현
"
철수와 영희 이야기,"
울
"
최강부캐,"
직씨
"
최면학교,"
박은혁
"
최종보스 공대장,"
김장훈 / 박수봉...
"
최후의 금빛아이,"
알깨 / 새몽
"
취향 소개소,"
이다몽
"
층간소음,"
양송
"
침묵의 밤,"
한동우 / Q-Ha
"
캡틴 비앙카,"
소망
"
퀘스트지상주의,"
박태준 만화회사
"
크라임 퍼즐,"
Meen / 미상
"
키스 식스 센스,"
조코봉 / 갓녀
"
킬러방 : 퍼스트 킬,"
김도연 / 방진호
"
탈영일지,"
아포리아
"
탐의 굴,"
보민
"
태권보이,"
김우준
"
태시트,"
김다찌
"
택배 왔습니다,"
이한손
"
퇴마록,"
운 / 이협 / ...
"
투신전생기,"
청담
"
트로이 목마,"
쥬드 프라이데이 ...
"
트리거,"
고경빈
"
트리니티 원더,"
전극진 / 박진환
"
팔이피플,"
매미 / 희세
"
패션쇼,"
로커8
"
팬시X팬시,"
인미
"
평범한 낙원,"
후드새
"
포식동물,"
신희빈 / 치훈
"
폭탄주먹 변대장,"
엄재경 / 지야프
"
푸른불꽃,"
닺
"
푸쉬오프,"
허5파6
"
풋내기들,"
신여름
"
프린스 메이커,"
수오수
"
필리아로제 - 가시왕관의 예언,"
백화등 / Ryu...
"
필생기,"
찬성
"
하나in세인,"
석한
"
하루달콤 하루쌉싸름,"
은유
"
하루의 하루,"
김이랑
"
하북팽가 막내아들,"
스튜디오M / 기...
"
하울링,"
현재권 / 유노
"
하지만 너는 2D잖아,"
마주
"
한 달 서른 날,"
꿀자몽
"
"한여름, 밤의 꿈","
김수박 / 칸
"
해님의 용왕님,"
차에
"
해시의 신루,"
명랑 / INUS...
"
해일로의 아침,"
박장고 / 이우
"
해피니스,"
진철수, 박시현 ...
"
행복을 만드는 방법,"
적목
"
"행운을 빌어요, 용사님!","
송현주
"
헤어지면 죽음,"
봄소희 / KYMA
"
헤어진 다음날,"
남지은 / 김인호
"
헬스 시궁창인생 고등학교,"
붉은코끼리
"
혀로 만난 사이,"
집손이
"
혁명 뒤 공주는,"
으앵
"
현실퀘스트,"
이주운 / 태성
"
호수의 인어,"
박새
"
혼모노트,"
민수상
"
혼신,"
임리나
"
혼전계약서,"
시원 / 플아다
"
홀더,"
쑥채 / 몽우
"
홍대 바이브,"
내먼
"
홍예,"
그련
"
홍천기,"
LICO / 정은궐
"
화가 살리에르,"
백원달
"
화산귀환,"
LICO / 비가
"
환상연가,"
반지운
"
환상의 용,"
꼬마비
"
황제에게 하트를 심어주세요,"
코코넛베리,율림니...
"
후궁 스캔들,"
정현 / 기트로우
"
흑막 여주가 날 새엄마로 만들려고 해,"
이산시 / 하리힌...
"
흥부놀부전,"
황동
"
희란국연가,"
MIDNIGHT ...
"
히어로 킬러,"
꿀벌 / 벌꿀
"
A.I. 닥터,"
ZAINO / 쿠...
"
D.P 개의날,"
김보통
"
DARK MOON: 달의 제단,"
HYBE
"
DEY 호러채널(일반판),"
DEY
"
EVE,"
은유 / 콩자
"
NG불가,"
고선영
"
R-X,"
굦 / 한가
"
THE 런웨이,"
도미 / 녹두
"
XXX,"
투먼
"
100,"
형은 / 최윤열
"
1을 줄게,"
김계란
"
2-3승강장,"
김민찰스
"
"2021 최애캐 안녕, 잘 지내니?","
웹툰작가
"
2022 서브병에 빠지다!,"
웹툰작가
"
38의 살인,"
이승준
"
66666년 만에 환생한 흑마법사,"
타루, 팀 더 지...
"
7FATES: CHAKHO,"
HYBE
"
7아이언,"
태발 / 김홍태
"
[사전이벤트] 슈퍼캐스팅: BTS,"
네이버웹툰
"
[영화원작] 모럴센스,"
겨울
"
가족같은 XX,"
서우현
"
가짜 동맹,"
케냠
"
갇힌 방,"
찡나 / 지언
"
갓트,"
서패스 / 아거주누
"
개인정보 제공에 동의하십니까?,"
신대성
"
결혼공략,"
율무
"
경비실에서 안내방송 드립니다,"
수하 / 벌크업
"
관심종자,"
웅
"
괴이,"
이정우 / 홍인근
"
그녀의 육하원칙,"
일삼구
"
나만의 고막남친,"
비로 / 팀 노란...
"
나의 작은 서점,"
한민기
"
나이트 언더 하트,"
고삐풀린 / 한성...
"
낙원의 이론,"
무멘 / 정선우
"
남편 먹는 여자,"
나나은
"
내남친 킹카만들기,"
랑쓰 / 섯끼
"
너의 키스씬,"
조니조
"
늑대처럼 홀로,"
이상훈 / 이현세
"
다시쓰는 연애사,"
최경민 / 영모
"
달빛세면소,"
나와
"
답은 정해져 있다,"
김민혁
"
대학원 탈출일지,"
요다
"
도와줘우주,"
설레임 / 한겨울
"
두 번째 딸로 태어났습니다,"
뉴궁딩팡팡 / 용...
"
들개,"
홍원찬 / 최감자
"
디나운스,"
윤예
"
따개비,"
뜰새 / dele...
"
라나,"
서이레 / San...
"
로또 황녀님,"
무무경 / 보리멸...
"
로맨틱 태평수산,"
육일공
"
루크 비셸 따라잡기,"
앙꼬빵 / 학뚜벅...
"
마녀의 소녀,"
제피가루 / 수국
"
마녀이야기,"
원재
"
마왕의 고백,"
탑승
"
매지컬 급식,"
웡웡이
"
맥시멈퓨리,"
희나리
"
메모리얼,"
상C
"
멸망 이후의 세계,"
S-Cynan /...
"
멸종위기종인간,"
사하라
"
모노마니아,"
구리
"
모텔 304호,"
이말랭
"
물고기로 살아남기,"
동우
"
미나 이퀄,"
이유정
"
미니어처 생활백서,"
엘렌 심
"
밀당의 요정,"
진선 / 천지혜
"
밀실 마피아 게임,"
WONS / 백지...
"
밀행,"
H.C / 봉선 ...
"
방과후 레시피,"
혜루
"
배틀트레인,"
양봉 주식회사, ...
"
버그이터,"
이륙
"
버려진 나의 최애를 위하여,"
류호 / 기묭 /...
"
베스트 프렌드,"
망순
"
베어케어,"
꽃소금 / 김용원
"
별빛 커튼콜,"
아르몽
"
보고 있지?,"
송범규
"
보에,"
서이레 / 서기진
"
복수를 위한 결혼동맹,"
EMMA / 윤희사
"
부캐인생,"
까를로스 / 징크
"
북경신보,"
산하 / 김대영
"
북부 공작님을 유혹하겠습니다,"
가천가 / 은하수...
"
불어오는 밤,"
reoalice
"
불지옥 로맨스,"
정성완
"
붉은 이정표,"
달뜬
"
블러드레인2: 천외천,"
MEEN / 백승훈
"
비즈니스 여친,"
루즌아 / 서해
"
비타운,"
요신 / 김선우
"
사공은주,"
이체리
"
사랑의 새싹약국,"
정해솔 / 이유진
"
사랑하는 여배우들,"
고나리자 / 수정
"
사생활 체크,"
리기 / 와치
"
산의 시간,"
지님
"
살인자의 쇼핑 목록,"
강지영 / 정석현
"
삼체,"
류츠신 / 환창미래
"
상사몽,"
crook dog...
"
선배는 남자아이,"
pom
"
소녀행,"
이레 / 라미아
"
소년만화에서 살아남기,"
김경호 / 지놓
"
소사이코티,"
서한 / 연호
"
소중한 날은 언제나 비가 내린다,"
RYO. / YA...
"
솔트앤페퍼,"
소이
"
스치면 인연 스며들면 사랑,"
을승
"
스토커의 하루,"
bunny
"
시간과 사연,"
콜라베어
"
실버벨,"
노떼
"
쓰레기는 쓰레기통에!,"
EDDiERiNG
"
아마도,"
마파체
"
아이돌의 비밀 스터디,"
우아람
"
아이리스,"
차우민
"
아인슈페너,"
한끼룩
"
악마라고 불러다오,"
자양 / 써나 /...
"
악몽의 형상,"
김용키
"
안전한 하루 되세요!,"
쌔우
"
어쩌다보니 천생연분,"
꿀타래 / 담초
"
열린 지옥문 닫힘,"
녹밤
"
영애의 경호관,"
러스츄 / 전경민...
"
"오, 친애하는 숙적","
오쏘 / 벨마 /...
"
오늘도 월월!,"
뉴릉이 / 도랑
"
오늘의 비너스,"
엄세윤 / 도달
"
오만상과 편견,"
유현숙
"
완벽한 부부는 없다,"
롱별 / 초이 /...
"
용돈이 계속 늘어!,"
쾌벌 / 신혜
"
우리 은하,"
녕
"
위험한 남편을 길들이는 법,"
두지 / 윤손
"
이건 그냥 연애 이야기,"
이재이
"
이계진입 리로디드,"
차우민 / 쵸쵸 ...
"
이터널 포스,"
전극진 / 박진환
"
인과관계,"
강환영
"
일상이 무너졌다,"
승한 / 예림
"
입술이 예쁜 남자,"
고도 / 플라비
"
자장자장,"
MJ / 백리
"
작전명 순정,"
꼬까리 / 들덤
"
잔인한 축제,"
희나리
"
장풍전,"
신영우
"
재생존경쟁,"
미티 / 톨젠
"
잿빛오름,"
유형석
"
적월의 나라,"
박신 / 신동구
"
전남편과 동거중입니다,"
에니카
"
죄송한데 주인공이세요?,"
조석
"
주부 육성중,"
임현
"
주인님을 잡아먹는 방법,"
세인 / 차혜영
"
지옥연애환담,"
당첨 / 녹혜 /...
"
진짜 진짜 이혼해,"
서후 / 해인
"
짝사랑의 마침표,"
숭어
"
채수연,"
MEEN / 김한석
"
클로닝,"
천정학
"
키스의 여왕,"
영영이 / 이재익
"
킬 더 드래곤,"
현가 / 미스 지...
"
투 두 리스트,"
RYO. / FL...
"
특수청소,"
한(恨)
"
파견체,"
곽백수
"
파운더,"
임상윤 / 만두인
"
파이어스,"
강두식 / 장부규
"
팬인데 왜요,"
요나
"
평행우주,"
현용민
"
폰투스 : 극야2,"
운 / 한큰빛
"
프레이,"
GO100
"
프로듀스 온리원,"
류가명
"
피그먼트,"
류자
"
피차일반,"
심지예
"
하렘에서 살아남기,"
전분
"
한입만!,"
이한솔
"
행운소년소녀,"
S위밍
"
헌터 잭,"
호야
"
호걸옹주,"
탐토
"
화사 홍천기,"
유승진
"
황녀인데 악녀입니다,"
한리앙 / 수자
"
황후의 립스틱,"
커피콩 / 전지구
"
후작님을 녹이는 방법,"
할머 / 슈지첼
"
흔들리는 세계로부터,"
양담
"
W : 너와 나의 세계,"
주니버스 / 이채
"
1학년 9반,"
우윱
"
30일 후,"
백프로
"
6월의 라벤더,"
밤희 / 게살
"
99강화나무몽둥이,"
홍실 / 지페리
"
